#node1	node2	node1_string_id	node2_string_id	homology	experimentally_determined_interaction	database_annotated	automated_textmining	combined_score
ADAM10	PPIF	9606.ENSP00000260408	9606.ENSP00000225174	0	0	0.720	0	0.720
ADAM10	APH1A	9606.ENSP00000260408	9606.ENSP00000358105	0	0.322	0	0.300	0.505
ADAM10	VDAC2	9606.ENSP00000260408	9606.ENSP00000361635	0	0	0.540	0	0.540
ADAM10	VDAC3	9606.ENSP00000260408	9606.ENSP00000428845	0	0	0.540	0	0.540
ADAM10	SLC25A5	9606.ENSP00000260408	9606.ENSP00000360671	0	0	0.720	0	0.720
ADAM10	VDAC1	9606.ENSP00000260408	9606.ENSP00000378487	0	0	0.720	0	0.720
ADAM10	SLC25A4	9606.ENSP00000260408	9606.ENSP00000281456	0	0	0.720	0	0.720
ADAM10	SLC25A31	9606.ENSP00000260408	9606.ENSP00000281154	0	0	0.720	0	0.720
ADAM10	ADAM17	9606.ENSP00000260408	9606.ENSP00000309968	0	0	0.900	0.234	0.920
ADAM17	ADAM10	9606.ENSP00000309968	9606.ENSP00000260408	0	0	0.900	0.234	0.920
ADRM1	PSMA4	9606.ENSP00000478877	9606.ENSP00000044462	0	0.708	0.500	0.291	0.887
ADRM1	PSMC4	9606.ENSP00000478877	9606.ENSP00000157812	0	0.863	0.540	0.818	0.987
ADRM1	PSMD8	9606.ENSP00000478877	9606.ENSP00000215071	0	0.903	0.540	0.850	0.992
ADRM1	PSMA3	9606.ENSP00000478877	9606.ENSP00000216455	0	0.652	0.500	0.088	0.827
ADRM1	PSMD7	9606.ENSP00000478877	9606.ENSP00000219313	0	0.907	0.540	0.525	0.978
ADRM1	PSMA2	9606.ENSP00000478877	9606.ENSP00000223321	0	0.740	0.500	0	0.864
ADRM1	PSMB7	9606.ENSP00000478877	9606.ENSP00000259457	0	0.653	0.500	0.088	0.828
ADRM1	PSMC1	9606.ENSP00000478877	9606.ENSP00000261303	0	0.841	0.540	0.627	0.970
ADRM1	PSMA6	9606.ENSP00000478877	9606.ENSP00000261479	0	0.677	0.500	0.088	0.839
ADRM1	PSMD11	9606.ENSP00000478877	9606.ENSP00000261712	0	0.900	0.540	0.672	0.983
ADRM1	PSMB1	9606.ENSP00000478877	9606.ENSP00000262193	0	0.720	0.500	0.088	0.861
ADRM1	PSMD3	9606.ENSP00000478877	9606.ENSP00000264639	0	0.793	0.540	0.448	0.943
ADRM1	PSMB6	9606.ENSP00000478877	9606.ENSP00000270586	0	0.636	0.500	0	0.810
ADRM1	PSMA5	9606.ENSP00000478877	9606.ENSP00000271308	0	0.661	0.500	0.119	0.837
ADRM1	PSMB4	9606.ENSP00000478877	9606.ENSP00000290541	0	0.675	0.500	0	0.830
ADRM1	PSMD1	9606.ENSP00000478877	9606.ENSP00000309474	0	0.913	0.540	0.670	0.985
ADRM1	PSMD2	9606.ENSP00000478877	9606.ENSP00000310129	0	0.904	0.540	0.663	0.983
ADRM1	PSMC5	9606.ENSP00000478877	9606.ENSP00000310572	0	0.825	0.540	0.353	0.943
ADRM1	PSMA8	9606.ENSP00000478877	9606.ENSP00000311121	0	0.372	0.500	0.110	0.696
ADRM1	PSMD12	9606.ENSP00000478877	9606.ENSP00000348442	0	0.827	0.540	0.594	0.965
ADRM1	PSMB5	9606.ENSP00000478877	9606.ENSP00000355325	0	0.720	0.500	0.088	0.861
ADRM1	PSMD4	9606.ENSP00000478877	9606.ENSP00000357876	0	0.861	0.540	0.979	0.998
ADRM1	PSMA7	9606.ENSP00000478877	9606.ENSP00000359910	0	0.659	0.500	0.110	0.835
ADRM1	PSMB2	9606.ENSP00000478877	9606.ENSP00000362334	0	0.762	0.500	0.088	0.882
ADRM1	PSMD14	9606.ENSP00000478877	9606.ENSP00000386541	0	0.805	0.540	0.937	0.993
ADRM1	PSMC2	9606.ENSP00000478877	9606.ENSP00000391211	0	0.833	0.540	0.353	0.946
ADRM1	PSMA1	9606.ENSP00000478877	9606.ENSP00000414359	0	0.748	0.500	0.088	0.875
ADRM1	PSMD9	9606.ENSP00000478877	9606.ENSP00000440485	0	0	0.540	0	0.540
ADRM1	PSMB3	9606.ENSP00000478877	9606.ENSP00000483688	0	0.675	0.500	0.088	0.839
ADRM1	PSMC3	9606.ENSP00000478877	9606.ENSP00000481029	0	0.813	0.540	0.353	0.939
ADRM1	PSMC6	9606.ENSP00000478877	9606.ENSP00000484998	0	0.903	0.540	0.506	0.976
AGER	MAPK1	9606.ENSP00000364210	9606.ENSP00000215832	0	0	0.500	0	0.499
AGER	LRP1	9606.ENSP00000364210	9606.ENSP00000243077	0	0	0	0.405	0.404
AGER	MAPK3	9606.ENSP00000364210	9606.ENSP00000263025	0	0	0.500	0	0.499
AGER	APP	9606.ENSP00000364210	9606.ENSP00000284981	0	0.070	0.500	0.426	0.709
AKT1	TNFRSF1A	9606.ENSP00000451828	9606.ENSP00000162749	0	0.311	0	0.221	0.440
AKT1	MAPK1	9606.ENSP00000451828	9606.ENSP00000215832	0	0	0	0.798	0.798
AKT1	CSNK2A1	9606.ENSP00000451828	9606.ENSP00000217244	0	0.292	0	0.302	0.484
AKT1	TRAF2	9606.ENSP00000451828	9606.ENSP00000247668	0	0	0	0.423	0.423
AKT1	AXIN1	9606.ENSP00000451828	9606.ENSP00000262320	0	0	0	0.592	0.592
AKT1	PIK3CA	9606.ENSP00000451828	9606.ENSP00000263967	0	0.457	0	0.168	0.528
AKT1	IRS1	9606.ENSP00000451828	9606.ENSP00000304895	0	0.457	0	0.157	0.522
AKT1	ITPR1	9606.ENSP00000451828	9606.ENSP00000306253	0	0.438	0	0.911	0.948
AKT1	GSK3B	9606.ENSP00000451828	9606.ENSP00000324806	0	0.457	0	0	0.457
AKT1	NOS2	9606.ENSP00000451828	9606.ENSP00000327251	0	0	0	0.527	0.527
AKT1	TUBB	9606.ENSP00000451828	9606.ENSP00000339001	0	0.443	0	0.486	0.701
AKT1	MAPT	9606.ENSP00000451828	9606.ENSP00000340820	0	0.457	0	0	0.457
AKT1	MAP3K5	9606.ENSP00000451828	9606.ENSP00000351908	0	0.292	0	0.739	0.807
AKT1	MT-CYB	9606.ENSP00000451828	9606.ENSP00000354554	0	0	0	0.769	0.769
AKT1	MTOR	9606.ENSP00000451828	9606.ENSP00000354558	0	0.542	0	0.074	0.557
AKT1	BECN1	9606.ENSP00000451828	9606.ENSP00000355231	0	0.457	0	0	0.457
AKT1	CHUK	9606.ENSP00000451828	9606.ENSP00000359424	0	0.657	0	0.744	0.908
AKT1	NOX1	9606.ENSP00000451828	9606.ENSP00000362057	0	0	0	0.869	0.869
AKT1	ITPR3	9606.ENSP00000451828	9606.ENSP00000363435	0	0.292	0	0.911	0.934
AKT1	CYBB	9606.ENSP00000451828	9606.ENSP00000367851	0	0	0	0.982	0.982
AKT1	TUBB2A	9606.ENSP00000451828	9606.ENSP00000369703	0	0	0	0.489	0.489
AKT1	AKT2	9606.ENSP00000451828	9606.ENSP00000375892	0	0.655	0.900	0.561	0.983
AKT1	BAD	9606.ENSP00000451828	9606.ENSP00000378040	0	0.657	0	0	0.657
AKT1	MAPK8	9606.ENSP00000451828	9606.ENSP00000378974	0	0.292	0	0.238	0.437
AKT1	MAP2K7	9606.ENSP00000451828	9606.ENSP00000381070	0	0	0	0.597	0.597
AKT1	RAF1	9606.ENSP00000451828	9606.ENSP00000401888	0	0.657	0	0.095	0.676
AKT1	BRAF	9606.ENSP00000451828	9606.ENSP00000419060	0	0.542	0	0	0.542
AKT1	PIK3R1	9606.ENSP00000451828	9606.ENSP00000428056	0	0.476	0	0.354	0.647
AKT1	IKBKB	9606.ENSP00000451828	9606.ENSP00000430684	0	0.657	0	0.235	0.726
AKT1	PIK3CB	9606.ENSP00000451828	9606.ENSP00000501150	0	0.292	0	0.205	0.413
AKT1	CTNNB1	9606.ENSP00000451828	9606.ENSP00000495360	0	0.457	0	0	0.457
AKT1	AKT3	9606.ENSP00000451828	9606.ENSP00000500582	0	0.592	0.900	0	0.957
AKT2	MAPK3	9606.ENSP00000375892	9606.ENSP00000263025	0	0	0	0.492	0.491
AKT2	CALML6	9606.ENSP00000375892	9606.ENSP00000304643	0	0	0	0.623	0.623
AKT2	CALML3	9606.ENSP00000375892	9606.ENSP00000315299	0	0	0	0.623	0.623
AKT2	GSK3B	9606.ENSP00000375892	9606.ENSP00000324806	0	0.488	0	0.244	0.596
AKT2	CALML5	9606.ENSP00000375892	9606.ENSP00000369689	0	0	0	0.624	0.624
AKT2	PSMD9	9606.ENSP00000375892	9606.ENSP00000440485	0	0.448	0	0	0.448
AKT2	CALML4	9606.ENSP00000375892	9606.ENSP00000419081	0	0	0	0.624	0.624
AKT2	AKT3	9606.ENSP00000375892	9606.ENSP00000500582	0	0.162	0.900	0.609	0.964
AKT2	AKT1	9606.ENSP00000375892	9606.ENSP00000451828	0	0.655	0.900	0.561	0.983
AKT3	PIK3R3	9606.ENSP00000500582	9606.ENSP00000262741	0	0	0	0.415	0.414
AKT3	CASP3	9606.ENSP00000500582	9606.ENSP00000311032	0	0.542	0	0.091	0.565
AKT3	GSK3B	9606.ENSP00000500582	9606.ENSP00000324806	0	0.457	0	0	0.457
AKT3	AKT2	9606.ENSP00000500582	9606.ENSP00000375892	0	0.162	0.900	0.609	0.964
AKT3	AKT1	9606.ENSP00000500582	9606.ENSP00000451828	0	0.592	0.900	0	0.957
APAF1	EIF2AK2	9606.ENSP00000448165	9606.ENSP00000233057	0	0	0	0.453	0.453
APAF1	CYCS	9606.ENSP00000448165	9606.ENSP00000307786	0	0.948	0.900	0.987	0.999
APAF1	CASP3	9606.ENSP00000448165	9606.ENSP00000311032	0	0.704	0	0.829	0.947
APAF1	CYC1	9606.ENSP00000448165	9606.ENSP00000317159	0	0.142	0	0.522	0.572
APAF1	CASP9	9606.ENSP00000448165	9606.ENSP00000330237	0	0.968	0.900	0.984	0.999
APAF1	CASP8	9606.ENSP00000448165	9606.ENSP00000351273	0	0.317	0	0.623	0.731
APAF1	CASP7	9606.ENSP00000448165	9606.ENSP00000358327	0	0.076	0	0.585	0.600
APAF1	PSMA7	9606.ENSP00000448165	9606.ENSP00000359910	0	0	0	0.604	0.604
APBB1	LRP1	9606.ENSP00000477213	9606.ENSP00000243077	0	0.524	0	0.583	0.793
APBB1	APP	9606.ENSP00000477213	9606.ENSP00000284981	0	0.950	0.900	0.982	0.999
APBB1	MAPK8	9606.ENSP00000477213	9606.ENSP00000378974	0	0.292	0.800	0.554	0.931
APC	DVL2	9606.ENSP00000257430	9606.ENSP00000005340	0	0.434	0.900	0	0.940
APC	CSNK2A1	9606.ENSP00000257430	9606.ENSP00000217244	0	0.550	0	0	0.550
APC	WNT3	9606.ENSP00000257430	9606.ENSP00000225512	0	0	0.720	0	0.720
APC	FZD1	9606.ENSP00000257430	9606.ENSP00000287934	0	0	0.540	0.043	0.540
APC	WNT2	9606.ENSP00000257430	9606.ENSP00000265441	0	0	0.540	0	0.540
APC	LRP6	9606.ENSP00000257430	9606.ENSP00000261349	0	0	0.720	0	0.720
APC	LRP5	9606.ENSP00000257430	9606.ENSP00000294304	0	0	0.720	0	0.720
APC	CSNK1E	9606.ENSP00000257430	9606.ENSP00000380044	0	0.564	0	0.401	0.727
APC	APC2	9606.ENSP00000257430	9606.ENSP00000442954	0	0	0.900	0	0.900
APC	DVL3	9606.ENSP00000257430	9606.ENSP00000316054	0	0	0.900	0	0.900
APC	DVL1	9606.ENSP00000257430	9606.ENSP00000368166	0	0.457	0.900	0.372	0.962
APC	AXIN2	9606.ENSP00000257430	9606.ENSP00000302625	0	0.296	0.900	0.984	0.998
APC	CTNNB1	9606.ENSP00000257430	9606.ENSP00000495360	0	0.975	0.900	0.982	0.999
APC	GSK3B	9606.ENSP00000257430	9606.ENSP00000324806	0	0.564	0.900	0.984	0.999
APC	AXIN1	9606.ENSP00000257430	9606.ENSP00000262320	0	0.960	0.900	0.984	0.999
APC2	DVL2	9606.ENSP00000442954	9606.ENSP00000005340	0	0	0.900	0	0.900
APC2	APC	9606.ENSP00000442954	9606.ENSP00000257430	0	0	0.900	0	0.900
APC2	AXIN1	9606.ENSP00000442954	9606.ENSP00000262320	0	0.047	0.900	0.799	0.979
APC2	AXIN2	9606.ENSP00000442954	9606.ENSP00000302625	0	0.234	0.900	0.160	0.930
APC2	DVL3	9606.ENSP00000442954	9606.ENSP00000316054	0	0	0.900	0	0.900
APC2	GSK3B	9606.ENSP00000442954	9606.ENSP00000324806	0	0	0.800	0.520	0.900
APC2	DVL1	9606.ENSP00000442954	9606.ENSP00000368166	0	0	0.900	0	0.900
APC2	CTNNB1	9606.ENSP00000442954	9606.ENSP00000495360	0	0.625	0.900	0	0.960
APH1A	ADAM10	9606.ENSP00000358105	9606.ENSP00000260408	0	0.322	0	0.300	0.505
APH1A	APH1B	9606.ENSP00000358105	9606.ENSP00000261879	0	0	0.900	0.744	0.973
APH1A	APP	9606.ENSP00000358105	9606.ENSP00000284981	0	0.807	0	0	0.807
APH1A	NCSTN	9606.ENSP00000358105	9606.ENSP00000294785	0	0.974	0.900	0.987	0.999
APH1A	PSEN1	9606.ENSP00000358105	9606.ENSP00000326366	0	0.974	0.900	0.986	0.999
APH1A	PSEN2	9606.ENSP00000358105	9606.ENSP00000355747	0	0.974	0.800	0.986	0.999
APH1A	TNF	9606.ENSP00000358105	9606.ENSP00000398698	0	0	0	0.755	0.755
APH1A	PSENEN	9606.ENSP00000358105	9606.ENSP00000468411	0	0.945	0.900	0.987	0.999
APH1B	APH1A	9606.ENSP00000261879	9606.ENSP00000358105	0	0	0.900	0.744	0.973
APH1B	PSEN2	9606.ENSP00000261879	9606.ENSP00000355747	0	0.759	0.800	0.984	0.999
APH1B	NCSTN	9606.ENSP00000261879	9606.ENSP00000294785	0	0.762	0.800	0.987	0.999
APH1B	PSEN1	9606.ENSP00000261879	9606.ENSP00000326366	0	0.759	0.800	0.986	0.999
APH1B	PSENEN	9606.ENSP00000261879	9606.ENSP00000468411	0	0.743	0.800	0.987	0.999
APOE	LRP1	9606.ENSP00000252486	9606.ENSP00000243077	0	0.549	0.900	0.982	0.999
APOE	CTNNB1	9606.ENSP00000252486	9606.ENSP00000495360	0	0.130	0	0.347	0.407
APOE	PSEN2	9606.ENSP00000252486	9606.ENSP00000355747	0	0	0	0.437	0.437
APOE	LRP6	9606.ENSP00000252486	9606.ENSP00000261349	0	0	0	0.447	0.447
APOE	VDAC1	9606.ENSP00000252486	9606.ENSP00000378487	0	0.399	0	0.349	0.592
APOE	LRP5	9606.ENSP00000252486	9606.ENSP00000294304	0	0	0	0.623	0.623
APOE	LPL	9606.ENSP00000252486	9606.ENSP00000497642	0	0	0.800	0.266	0.846
APOE	MAPT	9606.ENSP00000252486	9606.ENSP00000340820	0	0.570	0	0.731	0.879
APOE	SNCA	9606.ENSP00000252486	9606.ENSP00000500990	0	0.691	0	0.843	0.949
APOE	APP	9606.ENSP00000252486	9606.ENSP00000284981	0	0.621	0.720	0.960	0.995
APP	HSD17B10	9606.ENSP00000284981	9606.ENSP00000168216	0	0.549	0	0.456	0.744
APP	MAPK1	9606.ENSP00000284981	9606.ENSP00000215832	0	0.073	0.500	0.420	0.707
APP	PPIF	9606.ENSP00000284981	9606.ENSP00000225174	0	0.405	0	0	0.404
APP	LRP1	9606.ENSP00000284981	9606.ENSP00000243077	0	0.457	0	0.846	0.912
APP	APOE	9606.ENSP00000284981	9606.ENSP00000252486	0	0.621	0.720	0.960	0.995
APP	KLC4	9606.ENSP00000284981	9606.ENSP00000259708	0	0	0	0.429	0.428
APP	MAPK3	9606.ENSP00000284981	9606.ENSP00000263025	0	0	0.500	0	0.499
APP	IDE	9606.ENSP00000284981	9606.ENSP00000265986	0	0.949	0	0.238	0.959
APP	SLC25A4	9606.ENSP00000284981	9606.ENSP00000281456	0	0.292	0	0.303	0.485
APP	MAPK8	9606.ENSP00000284981	9606.ENSP00000378974	0	0.292	0	0.342	0.514
APP	LPL	9606.ENSP00000284981	9606.ENSP00000497642	0	0	0.540	0	0.540
APP	MAP3K5	9606.ENSP00000284981	9606.ENSP00000351908	0	0.542	0	0	0.542
APP	GAPDH	9606.ENSP00000284981	9606.ENSP00000380070	0	0.065	0	0.532	0.543
APP	GSK3B	9606.ENSP00000284981	9606.ENSP00000324806	0	0.549	0	0	0.549
APP	GRIN1	9606.ENSP00000284981	9606.ENSP00000360608	0	0.457	0	0.252	0.576
APP	CASP3	9606.ENSP00000284981	9606.ENSP00000311032	0	0.603	0	0	0.603
APP	GRIN2B	9606.ENSP00000284981	9606.ENSP00000477455	0	0.457	0	0.360	0.637
APP	GRIN2A	9606.ENSP00000284981	9606.ENSP00000332549	0	0.457	0	0.378	0.647
APP	KLC2	9606.ENSP00000284981	9606.ENSP00000399403	0	0	0	0.661	0.661
APP	KLC3	9606.ENSP00000284981	9606.ENSP00000375810	0	0	0	0.662	0.662
APP	PPID	9606.ENSP00000284981	9606.ENSP00000303754	0	0.691	0	0	0.691
APP	SNCA	9606.ENSP00000284981	9606.ENSP00000500990	0	0.542	0	0.376	0.702
APP	AGER	9606.ENSP00000284981	9606.ENSP00000364210	0	0.070	0.500	0.426	0.709
APP	KLC1	9606.ENSP00000284981	9606.ENSP00000414982	0	0.457	0	0.520	0.728
APP	PSENEN	9606.ENSP00000284981	9606.ENSP00000468411	0	0.806	0	0	0.806
APP	APH1A	9606.ENSP00000284981	9606.ENSP00000358105	0	0.807	0	0	0.807
APP	MAPT	9606.ENSP00000284981	9606.ENSP00000340820	0	0.570	0	0.746	0.886
APP	NCSTN	9606.ENSP00000284981	9606.ENSP00000294785	0	0.943	0	0.360	0.961
APP	PSEN1	9606.ENSP00000284981	9606.ENSP00000326366	0	0.946	0	0.571	0.975
APP	BACE1	9606.ENSP00000284981	9606.ENSP00000318585	0	0.483	0	0.980	0.989
APP	NAE1	9606.ENSP00000284981	9606.ENSP00000351990	0	0.315	0.900	0.977	0.998
APP	APBB1	9606.ENSP00000284981	9606.ENSP00000477213	0	0.950	0.900	0.982	0.999
ARAF	MAPK1	9606.ENSP00000290277	9606.ENSP00000215832	0	0	0.500	0	0.499
ARAF	KRAS	9606.ENSP00000290277	9606.ENSP00000256078	0	0.561	0.500	0.609	0.906
ARAF	MAP2K2	9606.ENSP00000290277	9606.ENSP00000262948	0	0.727	0.400	0.351	0.884
ARAF	MAPK3	9606.ENSP00000290277	9606.ENSP00000263025	0	0	0.500	0	0.499
ARAF	PIK3CB	9606.ENSP00000290277	9606.ENSP00000501150	0	0	0	0.431	0.430
ARAF	CSNK2B	9606.ENSP00000290277	9606.ENSP00000365042	0	0.421	0	0.193	0.512
ARAF	PIK3R1	9606.ENSP00000290277	9606.ENSP00000428056	0	0.457	0	0.221	0.558
ARAF	MAP2K1	9606.ENSP00000290277	9606.ENSP00000302486	0	0.709	0.400	0	0.817
ARAF	HRAS	9606.ENSP00000290277	9606.ENSP00000407586	0	0.639	0.500	0.349	0.872
ARAF	NRAS	9606.ENSP00000290277	9606.ENSP00000358548	0	0.461	0.500	0.590	0.879
ARAF	RAF1	9606.ENSP00000290277	9606.ENSP00000401888	0	0.615	0.900	0.795	0.991
ARAF	BRAF	9606.ENSP00000290277	9606.ENSP00000419060	0	0.654	0.900	0.856	0.994
ATF4	DDIT3	9606.ENSP00000336790	9606.ENSP00000448665	0	0.424	0.720	0.265	0.871
ATF6	XBP1	9606.ENSP00000356919	9606.ENSP00000216037	0	0.508	0	0.812	0.903
ATG101	RB1CC1	9606.ENSP00000338990	9606.ENSP00000025008	0	0.670	0.800	0.984	0.998
ATG101	ATG14	9606.ENSP00000338990	9606.ENSP00000247178	0	0.457	0	0	0.457
ATG101	ULK1	9606.ENSP00000338990	9606.ENSP00000324560	0	0.684	0.900	0.987	0.999
ATG101	MTOR	9606.ENSP00000338990	9606.ENSP00000354558	0	0	0.500	0.340	0.655
ATG101	ULK2	9606.ENSP00000338990	9606.ENSP00000378914	0	0.530	0.900	0.987	0.999
ATG14	RB1CC1	9606.ENSP00000247178	9606.ENSP00000025008	0	0.734	0	0	0.734
ATG14	PIK3R2	9606.ENSP00000247178	9606.ENSP00000222254	0	0	0.540	0	0.540
ATG14	ATG101	9606.ENSP00000247178	9606.ENSP00000338990	0	0.457	0	0	0.457
ATG14	PIK3R3	9606.ENSP00000247178	9606.ENSP00000262741	0	0	0.540	0	0.540
ATG14	PIK3R1	9606.ENSP00000247178	9606.ENSP00000428056	0	0	0.540	0	0.540
ATG14	PIK3CD	9606.ENSP00000247178	9606.ENSP00000366563	0	0	0.540	0.241	0.635
ATG14	PIK3CA	9606.ENSP00000247178	9606.ENSP00000263967	0	0	0.540	0.241	0.635
ATG14	ULK1	9606.ENSP00000247178	9606.ENSP00000324560	0	0.734	0	0	0.734
ATG14	PIK3CB	9606.ENSP00000247178	9606.ENSP00000501150	0	0	0.540	0.544	0.781
ATG14	BECN2	9606.ENSP00000247178	9606.ENSP00000488361	0	0.618	0.900	0.966	0.998
ATG14	PIK3R4	9606.ENSP00000247178	9606.ENSP00000349205	0	0.734	0.800	0.982	0.998
ATG14	PIK3C3	9606.ENSP00000247178	9606.ENSP00000262039	0	0.734	0.800	0.982	0.998
ATG14	NRBF2	9606.ENSP00000247178	9606.ENSP00000277746	0	0.734	0.800	0.983	0.999
ATG14	BECN1	9606.ENSP00000247178	9606.ENSP00000355231	0	0.734	0.900	0.987	0.999
ATG2A	WIPI1	9606.ENSP00000366475	9606.ENSP00000262139	0	0.227	0.900	0.932	0.994
ATG2A	WIPI2	9606.ENSP00000366475	9606.ENSP00000288828	0	0.180	0.900	0.750	0.977
ATG2A	ATG2B	9606.ENSP00000366475	9606.ENSP00000353010	0	0.193	0.900	0.478	0.954
ATG2B	WIPI1	9606.ENSP00000353010	9606.ENSP00000262139	0	0.311	0.900	0.837	0.987
ATG2B	WIPI2	9606.ENSP00000353010	9606.ENSP00000288828	0	0.468	0.900	0.551	0.974
ATG2B	ATG2A	9606.ENSP00000353010	9606.ENSP00000366475	0	0.193	0.900	0.478	0.954
ATP2A1	ATP2A3	9606.ENSP00000349595	9606.ENSP00000353072	0	0.127	0.900	0	0.908
ATP2A1	ATP2A2	9606.ENSP00000349595	9606.ENSP00000440045	0	0.360	0.900	0	0.933
ATP2A2	ATP5PO	9606.ENSP00000440045	9606.ENSP00000290299	0	0	0	0.424	0.424
ATP2A2	ITPR1	9606.ENSP00000440045	9606.ENSP00000306253	0	0	0	0.495	0.495
ATP2A2	ATP2A1	9606.ENSP00000440045	9606.ENSP00000349595	0	0.360	0.900	0	0.933
ATP2A2	ATP2A3	9606.ENSP00000440045	9606.ENSP00000353072	0	0.189	0.900	0	0.915
ATP2A2	ITPR3	9606.ENSP00000440045	9606.ENSP00000363435	0	0.509	0	0.501	0.744
ATP2A3	ATP2A1	9606.ENSP00000353072	9606.ENSP00000349595	0	0.127	0.900	0	0.908
ATP2A3	ATP2A2	9606.ENSP00000353072	9606.ENSP00000440045	0	0.189	0.900	0	0.915
ATP5F1A	ATP5F1D	9606.ENSP00000381736	9606.ENSP00000215375	0	0.906	0.980	0.772	0.999
ATP5F1A	ATP5F1E	9606.ENSP00000381736	9606.ENSP00000243997	0	0.775	0.967	0.573	0.996
ATP5F1A	ATP5F1B	9606.ENSP00000381736	9606.ENSP00000262030	0	0.908	0.967	0.884	0.999
ATP5F1A	UQCRC2	9606.ENSP00000381736	9606.ENSP00000268379	0	0.239	0	0.268	0.419
ATP5F1A	ATP5MC3	9606.ENSP00000381736	9606.ENSP00000284727	0	0.720	0.764	0.397	0.956
ATP5F1A	ATP5PO	9606.ENSP00000381736	9606.ENSP00000290299	0	0.791	0.978	0.885	0.999
ATP5F1A	ATP5PD	9606.ENSP00000381736	9606.ENSP00000301587	0	0.894	0.967	0.426	0.997
ATP5F1A	CYC1	9606.ENSP00000381736	9606.ENSP00000317159	0	0.509	0	0	0.509
ATP5F1A	ATP5F1C	9606.ENSP00000381736	9606.ENSP00000349142	0	0.897	0.980	0.914	0.999
ATP5F1A	MT-ATP6	9606.ENSP00000381736	9606.ENSP00000354632	0	0.786	0.980	0.615	0.998
ATP5F1A	MT-ATP8	9606.ENSP00000381736	9606.ENSP00000355265	0	0.377	0.967	0	0.979
ATP5F1A	ATP5PB	9606.ENSP00000381736	9606.ENSP00000358737	0	0.890	0.967	0.554	0.998
ATP5F1A	SLC25A5	9606.ENSP00000381736	9606.ENSP00000360671	0	0.438	0	0	0.438
ATP5F1A	ATP5MC1	9606.ENSP00000381736	9606.ENSP00000377033	0	0.518	0.856	0.703	0.977
ATP5F1A	NDUFV1	9606.ENSP00000381736	9606.ENSP00000497587	0	0.194	0	0.442	0.531
ATP5F1A	ATP5MC2	9606.ENSP00000381736	9606.ENSP00000499883	0	0.719	0.764	0.282	0.948
ATP5F1A	ATP5PF	9606.ENSP00000381736	9606.ENSP00000389649	0	0.887	0.900	0.464	0.993
ATP5F1B	ATP5F1D	9606.ENSP00000262030	9606.ENSP00000215375	0	0.899	0.967	0.677	0.998
ATP5F1B	ATP5F1E	9606.ENSP00000262030	9606.ENSP00000243997	0	0.560	0.967	0.594	0.993
ATP5F1B	UQCRC2	9606.ENSP00000262030	9606.ENSP00000268379	0	0.401	0	0	0.400
ATP5F1B	CYC1	9606.ENSP00000262030	9606.ENSP00000317159	0	0.400	0	0	0.400
ATP5F1B	ATP5MC2	9606.ENSP00000262030	9606.ENSP00000499883	0	0.720	0.563	0.204	0.894
ATP5F1B	ATP5MC1	9606.ENSP00000262030	9606.ENSP00000377033	0	0.606	0.734	0.204	0.909
ATP5F1B	ATP5MC3	9606.ENSP00000262030	9606.ENSP00000284727	0	0.752	0.563	0.493	0.940
ATP5F1B	MT-ATP8	9606.ENSP00000262030	9606.ENSP00000355265	0	0.592	0.967	0	0.986
ATP5F1B	MT-ATP6	9606.ENSP00000262030	9606.ENSP00000354632	0	0.721	0.967	0.349	0.993
ATP5F1B	ATP5PF	9606.ENSP00000262030	9606.ENSP00000389649	0	0.889	0.900	0.464	0.993
ATP5F1B	ATP5PO	9606.ENSP00000262030	9606.ENSP00000290299	0	0.803	0.944	0.622	0.995
ATP5F1B	ATP5PD	9606.ENSP00000262030	9606.ENSP00000301587	0	0.896	0.967	0.590	0.998
ATP5F1B	ATP5PB	9606.ENSP00000262030	9606.ENSP00000358737	0	0.927	0.967	0.364	0.998
ATP5F1B	ATP5F1C	9606.ENSP00000262030	9606.ENSP00000349142	0	0.890	0.967	0.945	0.999
ATP5F1B	ATP5F1A	9606.ENSP00000262030	9606.ENSP00000381736	0	0.908	0.967	0.884	0.999
ATP5F1C	ATP5F1D	9606.ENSP00000349142	9606.ENSP00000215375	0	0.896	0.980	0.637	0.999
ATP5F1C	ATP5F1E	9606.ENSP00000349142	9606.ENSP00000243997	0	0.759	0.967	0.441	0.995
ATP5F1C	ATP5F1B	9606.ENSP00000349142	9606.ENSP00000262030	0	0.890	0.967	0.945	0.999
ATP5F1C	NDUFB9	9606.ENSP00000349142	9606.ENSP00000276689	0	0.441	0	0	0.441
ATP5F1C	ATP5MC3	9606.ENSP00000349142	9606.ENSP00000284727	0	0.747	0.764	0.578	0.972
ATP5F1C	ATP5PO	9606.ENSP00000349142	9606.ENSP00000290299	0	0.797	0.978	0.387	0.997
ATP5F1C	ATP5PD	9606.ENSP00000349142	9606.ENSP00000301587	0	0.889	0.967	0.201	0.996
ATP5F1C	CYC1	9606.ENSP00000349142	9606.ENSP00000317159	0	0.444	0	0	0.444
ATP5F1C	NDUFA12	9606.ENSP00000349142	9606.ENSP00000330737	0	0.424	0	0	0.424
ATP5F1C	MT-CO2	9606.ENSP00000349142	9606.ENSP00000354876	0	0.479	0	0	0.479
ATP5F1C	ATP5MC2	9606.ENSP00000349142	9606.ENSP00000499883	0	0.747	0.764	0.279	0.953
ATP5F1C	ATP5MC1	9606.ENSP00000349142	9606.ENSP00000377033	0	0.771	0.856	0.403	0.978
ATP5F1C	MT-ATP8	9606.ENSP00000349142	9606.ENSP00000355265	0	0.551	0.967	0	0.984
ATP5F1C	ATP5PF	9606.ENSP00000349142	9606.ENSP00000389649	0	0.776	0.900	0.404	0.985
ATP5F1C	ATP5PB	9606.ENSP00000349142	9606.ENSP00000358737	0	0.890	0.967	0.614	0.998
ATP5F1C	MT-ATP6	9606.ENSP00000349142	9606.ENSP00000354632	0	0.883	0.980	0.353	0.998
ATP5F1C	ATP5F1A	9606.ENSP00000349142	9606.ENSP00000381736	0	0.897	0.980	0.914	0.999
ATP5F1D	CYC1	9606.ENSP00000215375	9606.ENSP00000317159	0	0.406	0	0	0.406
ATP5F1D	ATP5MC2	9606.ENSP00000215375	9606.ENSP00000499883	0	0.747	0.764	0.298	0.954
ATP5F1D	ATP5MC1	9606.ENSP00000215375	9606.ENSP00000377033	0	0.741	0.856	0.298	0.971
ATP5F1D	ATP5MC3	9606.ENSP00000215375	9606.ENSP00000284727	0	0.856	0.764	0.541	0.983
ATP5F1D	ATP5PF	9606.ENSP00000215375	9606.ENSP00000389649	0	0.879	0.900	0.103	0.988
ATP5F1D	MT-ATP8	9606.ENSP00000215375	9606.ENSP00000355265	0	0.714	0.967	0	0.990
ATP5F1D	MT-ATP6	9606.ENSP00000215375	9606.ENSP00000354632	0	0.749	0.980	0.353	0.996
ATP5F1D	ATP5PB	9606.ENSP00000215375	9606.ENSP00000358737	0	0.890	0.967	0.471	0.997
ATP5F1D	ATP5F1E	9606.ENSP00000215375	9606.ENSP00000243997	0	0.898	0.967	0.362	0.997
ATP5F1D	ATP5F1B	9606.ENSP00000215375	9606.ENSP00000262030	0	0.899	0.967	0.677	0.998
ATP5F1D	ATP5PD	9606.ENSP00000215375	9606.ENSP00000301587	0	0.899	0.967	0.459	0.998
ATP5F1D	ATP5PO	9606.ENSP00000215375	9606.ENSP00000290299	0	0.817	0.978	0.597	0.998
ATP5F1D	ATP5F1C	9606.ENSP00000215375	9606.ENSP00000349142	0	0.896	0.980	0.637	0.999
ATP5F1D	ATP5F1A	9606.ENSP00000215375	9606.ENSP00000381736	0	0.906	0.980	0.772	0.999
ATP5F1E	ATP5F1D	9606.ENSP00000243997	9606.ENSP00000215375	0	0.898	0.967	0.362	0.997
ATP5F1E	ATP5MC2	9606.ENSP00000243997	9606.ENSP00000499883	0	0.746	0.540	0	0.878
ATP5F1E	ATP5MC3	9606.ENSP00000243997	9606.ENSP00000284727	0	0.747	0.540	0.192	0.897
ATP5F1E	ATP5MC1	9606.ENSP00000243997	9606.ENSP00000377033	0	0.749	0.720	0	0.926
ATP5F1E	ATP5PO	9606.ENSP00000243997	9606.ENSP00000290299	0	0.505	0.944	0.232	0.977
ATP5F1E	MT-ATP8	9606.ENSP00000243997	9606.ENSP00000355265	0	0.378	0.967	0	0.979
ATP5F1E	ATP5PF	9606.ENSP00000243997	9606.ENSP00000389649	0	0.921	0.900	0	0.991
ATP5F1E	MT-ATP6	9606.ENSP00000243997	9606.ENSP00000354632	0	0.749	0.967	0.144	0.992
ATP5F1E	ATP5PD	9606.ENSP00000243997	9606.ENSP00000301587	0	0.749	0.967	0.287	0.993
ATP5F1E	ATP5PB	9606.ENSP00000243997	9606.ENSP00000358737	0	0.749	0.967	0.270	0.993
ATP5F1E	ATP5F1B	9606.ENSP00000243997	9606.ENSP00000262030	0	0.560	0.967	0.594	0.993
ATP5F1E	ATP5F1C	9606.ENSP00000243997	9606.ENSP00000349142	0	0.759	0.967	0.441	0.995
ATP5F1E	ATP5F1A	9606.ENSP00000243997	9606.ENSP00000381736	0	0.775	0.967	0.573	0.996
ATP5MC1	ATP5F1D	9606.ENSP00000377033	9606.ENSP00000215375	0	0.741	0.856	0.298	0.971
ATP5MC1	ATP5F1E	9606.ENSP00000377033	9606.ENSP00000243997	0	0.749	0.720	0	0.926
ATP5MC1	ATP5F1B	9606.ENSP00000377033	9606.ENSP00000262030	0	0.606	0.734	0.204	0.909
ATP5MC1	ATP5MC3	9606.ENSP00000377033	9606.ENSP00000284727	0	0.749	0.900	0.373	0.982
ATP5MC1	ATP5PO	9606.ENSP00000377033	9606.ENSP00000290299	0	0.496	0.820	0.194	0.920
ATP5MC1	ATP5PD	9606.ENSP00000377033	9606.ENSP00000301587	0	0.749	0.800	0.098	0.950
ATP5MC1	MAPT	9606.ENSP00000377033	9606.ENSP00000340820	0	0	0	0.562	0.562
ATP5MC1	ATP5F1C	9606.ENSP00000377033	9606.ENSP00000349142	0	0.771	0.856	0.403	0.978
ATP5MC1	MT-ATP6	9606.ENSP00000377033	9606.ENSP00000354632	0	0.749	0.897	0.315	0.980
ATP5MC1	MT-ATP8	9606.ENSP00000377033	9606.ENSP00000355265	0	0.749	0.800	0	0.947
ATP5MC1	ATP5PB	9606.ENSP00000377033	9606.ENSP00000358737	0	0.749	0.800	0	0.947
ATP5MC1	ATP5PF	9606.ENSP00000377033	9606.ENSP00000389649	0	0.774	0.800	0	0.953
ATP5MC1	ATP5MC2	9606.ENSP00000377033	9606.ENSP00000499883	0	0.749	0.900	0	0.973
ATP5MC1	ATP5F1A	9606.ENSP00000377033	9606.ENSP00000381736	0	0.518	0.856	0.703	0.977
ATP5MC2	ATP5F1D	9606.ENSP00000499883	9606.ENSP00000215375	0	0.747	0.764	0.298	0.954
ATP5MC2	ATP5F1E	9606.ENSP00000499883	9606.ENSP00000243997	0	0.746	0.540	0	0.878
ATP5MC2	ATP5F1B	9606.ENSP00000499883	9606.ENSP00000262030	0	0.720	0.563	0.204	0.894
ATP5MC2	ATP5MC3	9606.ENSP00000499883	9606.ENSP00000284727	0	0.749	0.900	0.359	0.982
ATP5MC2	ATP5PO	9606.ENSP00000499883	9606.ENSP00000290299	0	0.451	0.705	0.194	0.858
ATP5MC2	ATP5PD	9606.ENSP00000499883	9606.ENSP00000301587	0	0.733	0.800	0.098	0.947
ATP5MC2	MAPT	9606.ENSP00000499883	9606.ENSP00000340820	0	0	0	0.563	0.563
ATP5MC2	ATP5F1C	9606.ENSP00000499883	9606.ENSP00000349142	0	0.747	0.764	0.279	0.953
ATP5MC2	MT-ATP6	9606.ENSP00000499883	9606.ENSP00000354632	0	0.697	0.897	0.315	0.976
ATP5MC2	MT-ATP8	9606.ENSP00000499883	9606.ENSP00000355265	0	0.508	0.800	0	0.897
ATP5MC2	ATP5PB	9606.ENSP00000499883	9606.ENSP00000358737	0	0.733	0.800	0	0.944
ATP5MC2	ATP5MC1	9606.ENSP00000499883	9606.ENSP00000377033	0	0.749	0.900	0	0.973
ATP5MC2	ATP5F1A	9606.ENSP00000499883	9606.ENSP00000381736	0	0.719	0.764	0.282	0.948
ATP5MC2	ATP5PF	9606.ENSP00000499883	9606.ENSP00000389649	0	0.720	0.800	0	0.941
ATP5MC3	ATP5F1D	9606.ENSP00000284727	9606.ENSP00000215375	0	0.856	0.764	0.541	0.983
ATP5MC3	ATP5F1E	9606.ENSP00000284727	9606.ENSP00000243997	0	0.747	0.540	0.192	0.897
ATP5MC3	ATP5F1B	9606.ENSP00000284727	9606.ENSP00000262030	0	0.752	0.563	0.493	0.940
ATP5MC3	MAPT	9606.ENSP00000284727	9606.ENSP00000340820	0	0	0	0.563	0.563
ATP5MC3	ATP5PO	9606.ENSP00000284727	9606.ENSP00000290299	0	0.456	0.705	0.365	0.889
ATP5MC3	MT-ATP8	9606.ENSP00000284727	9606.ENSP00000355265	0	0.513	0.800	0	0.898
ATP5MC3	ATP5F1A	9606.ENSP00000284727	9606.ENSP00000381736	0	0.720	0.764	0.397	0.956
ATP5MC3	ATP5PB	9606.ENSP00000284727	9606.ENSP00000358737	0	0.734	0.800	0.252	0.956
